Código da Conta,Descrição da Conta,2010-03-31 00:00:00,2010-06-30 00:00:00,2010-09-30 00:00:00,2010-12-31 00:00:00,2011-03-31 00:00:00,2011-06-30 00:00:00,2011-09-30 00:00:00,2011-12-31 00:00:00,2012-03-31 00:00:00,2012-06-30 00:00:00,2012-09-30 00:00:00,2012-12-31 00:00:00,2013-03-31 00:00:00,2013-06-30 00:00:00,2013-09-30 00:00:00,2013-12-31 00:00:00,2014-03-31 00:00:00,2014-06-30 00:00:00,2014-09-30 00:00:00,2014-12-31 00:00:00,2015-03-31 00:00:00,2015-06-30 00:00:00,2015-09-30 00:00:00,2015-12-31 00:00:00,2016-03-31 00:00:00,2016-06-30 00:00:00,2016-09-30 00:00:00,2016-12-31 00:00:00,2017-03-31 00:00:00,2017-06-30 00:00:00,2017-09-30 00:00:00,2017-12-31 00:00:00,2018-03-31 00:00:00,2018-06-30 00:00:00,2018-09-30 00:00:00,2018-12-31 00:00:00,2019-03-31 00:00:00,2019-06-30 00:00:00,2019-09-30 00:00:00,2019-12-31 00:00:00,2020-03-31 00:00:00,2020-06-30 00:00:00,2020-09-30 00:00:00,2020-12-31 00:00:00,2021-03-31 00:00:00,2021-06-30 00:00:00,2021-09-30 00:00:00,2021-12-31 00:00:00,2022-03-31 00:00:00,2022-06-30 00:00:00,2022-09-30 00:00:00,2022-12-31 00:00:00,2023-03-31 00:00:00,2023-06-30 00:00:00,2023-09-30 00:00:00,2023-12-31 00:00:00,2024-03-31 00:00:00,2024-06-30 00:00:00,2024-09-30 00:00:00,2024-12-31 00:00:00,2025-03-31 00:00:00
1,Ativo Total,6417038.0,7343910.0,7365112.0,7511164.0,7424388.0,7979509.0,8695827.0,9105861.0,8824120.0,9109705.0,8757033.0,8873550.0,9496435.0,9542922.0,9552065.0,10141293.0,9898693.0,10362672.0,10902810.0,11782630.0,12951305.0,13121290.0,14289917.0,14261541.0,13458854.0,13048678.0,13634825.0,13481407.0,13446033.0,14181424.0,13964453.0,13981142.0,14522184.0,15464046.0,16274130.0,15399850.0,15226982.0,14907806.0,15479421.0,15687641.0,17371333.0,18007781.0,19048875.0,19927896.0,21161200.0,21411835.0,22500301.0,23932787.0,24169250.0,25882424.0,27697485.0,28134660.0,28920083.0,29101227.0,30075811.0,31496270.0,31981696.0,37439486.0,36315645.0,41489701.0,39323514.0
1.01,Ativo Circulante,3803788.0,4591996.0,4628280.0,4794009.0,4731859.0,5069586.0,5742007.0,5867061.0,5478846.0,6020120.0,5657018.0,5710017.0,6310741.0,6339494.0,6306860.0,6851281.0,6602879.0,6886608.0,7285224.0,8063213.0,9046596.0,9029165.0,9679358.0,9589344.0,8713628.0,8648557.0,9182023.0,9127483.0,9094229.0,9682775.0,9462943.0,9415667.0,9569643.0,9968378.0,10075121.0,9438581.0,9089843.0,8803475.0,9649841.0,9760902.0,10600706.0,10827449.0,11581761.0,12556143.0,13360912.0,13990900.0,14743151.0,15945946.0,16424181.0,17566996.0,19548424.0,19653210.0,20149777.0,20237039.0,20745864.0,21562311.0,21484977.0,25019368.0,23752129.0,27221359.0,25120512.0
1.01.01,Caixa e Equivalentes de Caixa,79936.0,86583.0,59937.0,2552996.0,2487136.0,2674637.0,3086568.0,2931615.0,2563889.0,2626935.0,2268231.0,2302256.0,3013804.0,3034080.0,2937836.0,3372130.0,3247375.0,3285865.0,3223617.0,3284275.0,3588629.0,3616770.0,3411805.0,3277115.0,2477210.0,2720005.0,3406774.0,3390662.0,3369965.0,3635476.0,3273239.0,3162685.0,3032815.0,2703771.0,1818725.0,2205700.0,1967509.0,1843868.0,2100404.0,1946044.0,1587547.0,1677417.0,2616485.0,3892140.0,3387742.0,3275927.0,2396415.0,2714427.0,2749862.0,2570284.0,3623255.0,4451002.0,5106835.0,4918937.0,5142836.0,6488454.0,5921085.0,6610785.0,5474203.0,7347599.0,4989220.0
1.01.01.01,Caixas e Bancos,0.0,0.0,0.0,53971.0,62127.0,60694.0,104334.0,59512.0,98895.0,101142.0,137844.0,211295.0,127858.0,104640.0,216105.0,248149.0,357468.0,286469.0,256312.0,302346.0,421591.0,374017.0,481447.0,477710.0,323157.0,285846.0,208469.0,223267.0,224780.0,205582.0,200829.0,224249.0,341301.0,343977.0,343406.0,286783.0,416857.0,276410.0,328972.0,396233.0,525386.0,378355.0,386530.0,584332.0,899152.0,515663.0,1050993.0,529822.0,849091.0,568121.0,1377869.0,710905.0,1479655.0,893996.0,912599.0,1308781.0,1575356.0,1917421.0,1349337.0,1900225.0,2078532.0
1.01.01.02,Aplicações Financeiras,0.0,0.0,0.0,2499025.0,2425009.0,2613943.0,2982234.0,2872103.0,2464994.0,2525793.0,2130387.0,2090961.0,2885946.0,2929440.0,2721731.0,3123981.0,2889907.0,2999396.0,2967305.0,2981929.0,3167038.0,3242753.0,2930358.0,2799405.0,2154053.0,2434159.0,3198305.0,3167395.0,3145185.0,3429894.0,3072410.0,2938436.0,2691514.0,2359794.0,1475319.0,1918917.0,1550652.0,1567458.0,1771432.0,1549811.0,1062161.0,1299062.0,2229955.0,3307808.0,2488590.0,2760264.0,1345422.0,2184605.0,1900771.0,2002163.0,2245386.0,3740097.0,3627180.0,4024941.0,4230237.0,5179673.0,4345729.0,4693364.0,4124866.0,5447374.0,2910688.0
1.01.02,Aplicações Financeiras,1882602.0,2376948.0,2339836.0,0.0,0.0,0.0,0.0,0.0,0.0,251540.0,256634.0,261244.0,265714.0,0.0,0.0,0.0,0.0,76570.0,228431.0,865162.0,883585.0,938866.0,877157.0,1157644.0,1263978.0,1306954.0,1329059.0,1373287.0,1423320.0,1434584.0,1484343.0,1411046.0,1454614.0,1553425.0,2119155.0,1324188.0,925042.0,938886.0,1335683.0,1444227.0,1311648.0,1172419.0,981085.0,592794.0,484369.0,546300.0,545946.0,502708.0,514897.0,502166.0,519672.0,531826.0,548491.0,561522.0,580474.0,592770.0,609111.0,619979.0,636800.0,648477.0,668454.0
1.01.03,Contas a Receber,864517.0,960353.0,1026652.0,1044712.0,1026094.0,1095847.0,1162056.0,1307692.0,1263963.0,1350250.0,1411747.0,1472839.0,1347331.0,1554042.0,1562243.0,1658806.0,1576829.0,1637568.0,1747503.0,1867864.0,2054676.0,2050968.0,2576676.0,2545927.0,2490042.0,2421573.0,2267128.0,2251922.0,2140661.0,2239477.0,2233281.0,2242613.0,2265744.0,2589700.0,2564768.0,2440844.0,2429474.0,2474176.0,2488671.0,2747084.0,3241121.0,3385942.0,3564454.0,3417251.0,3835893.0,3660880.0,4349461.0,4317393.0,4430633.0,5166658.0,5589806.0,5614423.0,5602395.0,5936243.0,6011821.0,6070556.0,6374256.0,7210277.0,6820230.0,7394411.0,7227394.0
1.01.03.01,Clientes,864517.0,960353.0,1026652.0,1044712.0,1026094.0,1095847.0,1162056.0,1307692.0,1263963.0,1350250.0,1411747.0,1472839.0,1347331.0,1554042.0,1562243.0,1658806.0,1576829.0,1637568.0,1747503.0,1867864.0,2054676.0,2050968.0,2576676.0,2545927.0,2490042.0,2421573.0,2267128.0,2251922.0,2140661.0,2239477.0,2233281.0,2242613.0,2265744.0,2589700.0,2564768.0,2440844.0,2429474.0,2474176.0,2488671.0,2747084.0,3241121.0,3385942.0,3564454.0,3417251.0,3835893.0,3660880.0,4349461.0,4317393.0,4430633.0,5166658.0,5589806.0,5614423.0,5602395.0,5936243.0,6011821.0,6070556.0,6374256.0,7210277.0,6820230.0,7394411.0,7227394.0
1.01.04,Estoques,812461.0,971196.0,1015175.0,1008952.0,1019551.0,1086034.0,1269623.0,1362314.0,1371264.0,1459793.0,1389619.0,1306273.0,1316606.0,1368012.0,1467641.0,1445927.0,1461766.0,1541091.0,1672573.0,1704919.0,1909593.0,1954542.0,2248834.0,2009254.0,1868740.0,1644214.0,1647138.0,1575055.0,1594669.0,1754780.0,1836737.0,1852266.0,2014530.0,2328357.0,2518626.0,2458410.0,2498116.0,2583387.0,2901751.0,2817129.0,3552515.0,3727943.0,3586598.0,3737529.0,4376561.0,4846993.0,5619084.0,6497048.0,7018367.0,7659131.0,7963761.0,7644361.0,7450430.0,7466742.0,7662245.0,7116286.0,7215175.0,8845836.0,9108988.0,9903951.0,10220722.0
1.01.06,Tributos a Recuperar,93072.0,98244.0,104423.0,107182.0,118144.0,127932.0,139791.0,156076.0,166464.0,195200.0,188416.0,183627.0,158070.0,170070.0,166574.0,166384.0,148947.0,153858.0,149674.0,159446.0,189977.0,214644.0,234592.0,266944.0,276560.0,276319.0,264717.0,269626.0,280273.0,342081.0,367578.0,419845.0,490067.0,442556.0,453081.0,421938.0,490132.0,527774.0,462029.0,394839.0,485623.0,434018.0,353672.0,339283.0,512198.0,839761.0,889663.0,890290.0,807979.0,838898.0,1012543.0,657580.0,623316.0,596255.0,639888.0,541102.0,597301.0,753887.0,720792.0,817414.0,1085194.0
1.01.06.01,Tributos Correntes a Recuperar,93072.0,98244.0,104423.0,107182.0,118144.0,127932.0,139791.0,156076.0,166464.0,195200.0,188416.0,183627.0,158070.0,170070.0,166574.0,166384.0,148947.0,153858.0,149674.0,159446.0,189977.0,214644.0,234592.0,266944.0,276560.0,276319.0,264717.0,269626.0,280273.0,342081.0,367578.0,419845.0,490067.0,442556.0,453081.0,421938.0,490132.0,527774.0,462029.0,394839.0,485623.0,434018.0,353672.0,339283.0,512198.0,839761.0,889663.0,890290.0,807979.0,838898.0,1012543.0,657580.0,623316.0,596255.0,639888.0,541102.0,597301.0,753887.0,720792.0,817414.0,1085194.0
1.01.06.01.01,Imposto de Renda/Contribuição Social a Recuperar,,,,,,,,,,,,,,,,,,,,,,,,,,,,,,,,,,,,,,,,,,,,,,,,89679.0,109211.0,135950.0,111646.0,104876.0,129373.0,133441.0,165760.0,120818.0,172783.0,197020.0,149642.0,131878.0,244569.0
1.01.06.01.02,Outros Tributos a Recuperar,,,,,,,,,,,,,,,,,,,,,,,,,,,,,,,,,,,,,,,,,,,,,,,,800611.0,698768.0,702948.0,900897.0,552704.0,493943.0,462814.0,474128.0,420284.0,424518.0,556867.0,571150.0,685536.0,840625.0
1.01.08,Outros Ativos Circulantes,71200.0,98672.0,82257.0,80167.0,80934.0,85136.0,83969.0,109364.0,113266.0,136402.0,142371.0,183778.0,209216.0,213290.0,172566.0,208034.0,167962.0,191656.0,263426.0,181547.0,420136.0,253375.0,330294.0,332460.0,337098.0,279492.0,267207.0,266931.0,285341.0,276377.0,267765.0,327212.0,311873.0,350569.0,600766.0,587501.0,779570.0,435384.0,361303.0,411579.0,422252.0,429710.0,479467.0,577146.0,764149.0,821039.0,942582.0,1024080.0,902443.0,829859.0,839387.0,754018.0,818310.0,757340.0,708600.0,753143.0,768049.0,978604.0,991116.0,1109507.0,929528.0
1.01.08.03,Outros,0.0,0.0,0.0,0.0,0.0,0.0,0.0,0.0,0.0,0.0,0.0,0.0,0.0,0.0,0.0,208034.0,0.0,0.0,0.0,181547.0,420136.0,253375.0,330294.0,332460.0,337098.0,279492.0,267207.0,266931.0,285341.0,276377.0,267765.0,327212.0,311873.0,350569.0,600766.0,587501.0,779570.0,435384.0,361303.0,411579.0,422252.0,429710.0,479467.0,577146.0,764149.0,821039.0,942582.0,1024080.0,902443.0,829859.0,839387.0,754018.0,818310.0,757340.0,708600.0,753143.0,768049.0,978604.0,991116.0,1109507.0,929528.0
1.01.08.03.01,Instrumentos Financeiros Derivativos,0.0,0.0,0.0,0.0,0.0,0.0,0.0,0.0,0.0,0.0,0.0,0.0,0.0,0.0,0.0,1163.0,0.0,0.0,0.0,8766.0,198978.0,25990.0,27174.0,7519.0,3706.0,18356.0,9816.0,15443.0,15622.0,5200.0,9273.0,11875.0,7180.0,6860.0,204061.0,223774.0,258327.0,64995.0,62967.0,24102.0,25351.0,24088.0,40374.0,206849.0,235954.0,311221.0,366987.0,409337.0,309960.0,167083.0,181507.0,33647.0,62770.0,19432.0,5414.0,22423.0,8781.0,26037.0,32254.0,210749.0,28555.0
1.01.08.03.02,Outros,0.0,0.0,0.0,0.0,0.0,0.0,0.0,0.0,0.0,0.0,0.0,0.0,0.0,0.0,0.0,206871.0,0.0,0.0,0.0,172781.0,221158.0,227385.0,303120.0,324941.0,333392.0,261136.0,257391.0,251488.0,269719.0,271177.0,258492.0,315337.0,304693.0,343709.0,396705.0,363727.0,521243.0,370389.0,298336.0,387477.0,396901.0,405622.0,439093.0,370297.0,528195.0,509818.0,575595.0,614743.0,592483.0,662776.0,657880.0,720371.0,755540.0,737908.0,703186.0,730720.0,759268.0,952567.0,958862.0,898758.0,900973.0
1.02,Ativo Não Circulante,2613250.0,2751914.0,2736832.0,2717155.0,2692529.0,2909923.0,2953820.0,3238800.0,3345274.0,3089585.0,3100015.0,3163533.0,3185694.0,3203428.0,3245205.0,3290012.0,3295814.0,3476064.0,3617586.0,3719417.0,3904709.0,4092125.0,4610559.0,4672197.0,4745226.0,4400121.0,4452802.0,4353924.0,4351804.0,4498649.0,4501510.0,4565475.0,4952541.0,5495668.0,6199009.0,5961269.0,6137139.0,6104331.0,5829580.0,5926739.0,6770627.0,7180332.0,7467114.0,7371753.0,7800288.0,7420935.0,7757150.0,7986841.0,7745069.0,8315428.0,8149061.0,8481450.0,8770306.0,8864188.0,9329947.0,9933959.0,10496719.0,12420118.0,12563516.0,14268342.0,14203002.0
1.02.01,Ativo Realizável a Longo Prazo,170517.0,163413.0,149892.0,136984.0,127146.0,358414.0,378587.0,432469.0,447124.0,81920.0,80004.0,88833.0,107528.0,98741.0,118883.0,124372.0,134326.0,124207.0,127245.0,161644.0,155231.0,315507.0,569135.0,619206.0,519234.0,364795.0,436183.0,397383.0,361506.0,438946.0,410395.0,443844.0,458496.0,791825.0,1391073.0,1178926.0,1117861.0,1106020.0,653154.0,597797.0,925110.0,1056425.0,1107252.0,898045.0,942114.0,983820.0,973648.0,930416.0,1040324.0,1043647.0,663170.0,673726.0,687282.0,717473.0,712401.0,1090397.0,1237399.0,1341656.0,1370952.0,1442220.0,1389586.0
1.02.01.01,Aplicações Financeiras Avaliadas a Valor Justo através do Resultado,0.0,0.0,0.0,0.0,0.0,226057.0,233266.0,280635.0,287973.0,657.0,670.0,2032.0,2059.0,2027.0,2077.0,2230.0,2097.0,1415.0,907.0,1047.0,1118.0,0.0,0.0,214.0,203.0,178.0,0.0,0.0,0.0,0.0,0.0,0.0,0.0,0.0,630638.0,562782.0,566641.0,573757.0,48646.0,0.0,0.0,0.0,0.0,0.0,2451.0,0.0,0.0,0.0,10512.0,10968.0,10581.0,12287.0,11049.0,10525.0,10600.0,10703.0,47001.0,11909.0,12144.0,17134.0,16373.0
1.02.01.01.01,Títulos Designados a Valor Justo,0.0,0.0,0.0,0.0,0.0,0.0,0.0,280635.0,287973.0,657.0,670.0,2032.0,2059.0,2027.0,2077.0,2230.0,2097.0,1415.0,907.0,1047.0,1118.0,0.0,0.0,214.0,203.0,178.0,0.0,0.0,0.0,0.0,0.0,0.0,0.0,0.0,630638.0,562782.0,566641.0,573757.0,48646.0,0.0,0.0,0.0,0.0,0.0,2451.0,0.0,0.0,0.0,0.0,0.0,0.0,0.0,0.0,0.0,0.0,0.0,0.0,0.0,0.0,0.0,0.0
1.02.01.07,Tributos Diferidos,89481.0,97859.0,91613.0,78810.0,86060.0,89776.0,103846.0,111488.0,115265.0,35441.0,32190.0,36891.0,43337.0,40762.0,56970.0,60376.0,68870.0,58767.0,59208.0,55864.0,68602.0,77962.0,108749.0,131327.0,128315.0,122810.0,127848.0,130291.0,134327.0,145110.0,147137.0,148284.0,166032.0,174450.0,164913.0,142669.0,150460.0,148729.0,161581.0,182042.0,188520.0,255098.0,292342.0,360390.0,327360.0,409664.0,409256.0,421900.0,370093.0,402024.0,425190.0,443133.0,432975.0,485393.0,472830.0,864394.0,955032.0,1067545.0,1071827.0,1141821.0,1052515.0
1.02.01.07.01,Imposto de Renda e Contribuição Social Diferidos,89481.0,97859.0,91613.0,78810.0,86060.0,89776.0,103846.0,111488.0,115265.0,35441.0,32190.0,36891.0,43337.0,40762.0,56970.0,60376.0,68870.0,58767.0,59208.0,55864.0,68602.0,77962.0,108749.0,131327.0,128315.0,122810.0,127848.0,130291.0,134327.0,145110.0,147137.0,148284.0,166032.0,174450.0,164913.0,142669.0,150460.0,148729.0,161581.0,182042.0,188520.0,255098.0,292342.0,360390.0,327360.0,409664.0,409256.0,421900.0,370093.0,402024.0,425190.0,443133.0,432975.0,485393.0,472830.0,864394.0,955032.0,1067545.0,1071827.0,1141821.0,1052515.0
1.02.01.08,Créditos com Partes Relacionadas,0.0,0.0,0.0,0.0,0.0,2909.0,797.0,0.0,490.0,143.0,0.0,0.0,0.0,0.0,0.0,0.0,0.0,0.0,0.0,0.0,0.0,0.0,0.0,0.0,0.0,0.0,0.0,0.0,0.0,0.0,0.0,0.0,0.0,0.0,0.0,0.0,0.0,0.0,0.0,0.0,0.0,0.0,0.0,0.0,0.0,0.0,0.0,0.0,0.0,0.0,0.0,0.0,0.0,0.0,0.0,0.0,0.0,0.0,0.0,0.0,0.0
1.02.01.08.04,Créditos com Outras Partes Relacionadas,0.0,0.0,0.0,0.0,0.0,0.0,797.0,0.0,490.0,143.0,0.0,0.0,0.0,0.0,0.0,0.0,0.0,0.0,0.0,0.0,0.0,0.0,0.0,0.0,0.0,0.0,0.0,0.0,0.0,0.0,0.0,0.0,0.0,0.0,0.0,0.0,0.0,0.0,0.0,0.0,0.0,0.0,0.0,0.0,0.0,0.0,0.0,0.0,0.0,0.0,0.0,0.0,0.0,0.0,0.0,0.0,0.0,0.0,0.0,0.0,0.0
1.02.01.10,Outros Ativos Não Circulantes,81036.0,65554.0,58279.0,58174.0,41086.0,39672.0,40678.0,40346.0,43396.0,45679.0,47144.0,49910.0,62132.0,55952.0,59836.0,61766.0,63359.0,64025.0,67130.0,104733.0,85511.0,237545.0,460386.0,487665.0,390716.0,241807.0,308335.0,267092.0,227179.0,293836.0,263258.0,295560.0,292464.0,617375.0,595522.0,473475.0,400760.0,383534.0,442927.0,415755.0,736590.0,801327.0,814910.0,537655.0,612303.0,574156.0,564392.0,508516.0,659719.0,630655.0,227399.0,218306.0,243258.0,221555.0,228971.0,215300.0,235366.0,262202.0,286981.0,283265.0,320698.0
1.02.01.10.03,Depósitos Judiciais,31063.0,20276.0,20855.0,21697.0,21723.0,22696.0,23826.0,24038.0,24490.0,26142.0,27153.0,27844.0,28229.0,30812.0,32549.0,35260.0,35873.0,40622.0,43932.0,44394.0,51129.0,54828.0,55298.0,55810.0,48781.0,49679.0,49515.0,48476.0,48769.0,49781.0,50990.0,50815.0,54114.0,54746.0,55683.0,58368.0,60688.0,70549.0,65712.0,68506.0,68593.0,68858.0,68158.0,70155.0,67705.0,66800.0,60656.0,82235.0,80896.0,79913.0,79632.0,78963.0,77436.0,81830.0,81367.0,74620.0,74546.0,74702.0,73876.0,58279.0,58380.0
1.02.01.10.04,Imposto de Renda/Contribuição Social a Recuperar,,,,,,,,,,,,,,,,,,,,,,,,,,,,,,,,,,,,,,,,,,,,,,,,3435.0,2786.0,2786.0,719.0,14535.0,14255.0,13566.0,13186.0,12733.0,13112.0,14593.0,14230.0,8394.0,7797.0
1.02.01.10.05,Outros Tributos a Recuperar,39682.0,34879.0,32639.0,31661.0,14122.0,12511.0,12298.0,12902.0,12994.0,13657.0,14256.0,16032.0,16527.0,17091.0,17394.0,16793.0,16431.0,17671.0,18937.0,19221.0,17770.0,18017.0,17264.0,16640.0,15076.0,13057.0,11567.0,10296.0,8639.0,8608.0,8342.0,9941.0,10168.0,102339.0,160958.0,167689.0,138849.0,95013.0,86735.0,78708.0,77380.0,83974.0,51371.0,31214.0,32145.0,247070.0,228006.0,319496.0,498269.0,457748.0,68606.0,52274.0,61260.0,63546.0,66299.0,74010.0,84658.0,97377.0,105730.0,115193.0,133188.0
1.02.01.10.06,Instrumentos Financeiros Derivativos,,,,,,,,,,,,,,,,506.0,,,,34974.0,0.0,128735.0,314253.0,371208.0,262053.0,147492.0,169614.0,169221.0,132714.0,187245.0,142210.0,170279.0,157707.0,381026.0,282583.0,166922.0,117850.0,127653.0,191355.0,167069.0,477067.0,536204.0,575966.0,318291.0,392678.0,134806.0,183997.0,0.0,0.0,82.0,1730.0,0.0,1102.0,826.0,859.0,605.0,624.0,22668.0,17526.0,6166.0,28.0
1.02.01.10.07,Outros,10291.0,10399.0,4785.0,4816.0,5241.0,4465.0,4554.0,3406.0,5912.0,5880.0,5735.0,6034.0,17376.0,8049.0,9893.0,9207.0,11055.0,5732.0,4261.0,6144.0,16612.0,35965.0,73571.0,44007.0,64806.0,31579.0,77639.0,39099.0,37057.0,48202.0,61716.0,64525.0,70475.0,79264.0,96298.0,80496.0,83373.0,90319.0,99125.0,101472.0,113550.0,112291.0,119415.0,117995.0,119775.0,125480.0,91733.0,103350.0,77768.0,90126.0,76712.0,72534.0,89205.0,61787.0,67260.0,53332.0,62426.0,52862.0,75619.0,95233.0,121305.0
1.02.02,Investimentos,16861.0,776.0,222.0,601.0,2199.0,931.0,933.0,349.0,349.0,349.0,349.0,7622.0,7577.0,7585.0,7584.0,7264.0,8091.0,8223.0,8222.0,8224.0,8222.0,1379.0,1463.0,1379.0,1395.0,238.0,224.0,223.0,220.0,225.0,306.0,268.0,16923.0,17013.0,18478.0,20362.0,20380.0,19974.0,19644.0,28012.0,35408.0,35405.0,45670.0,1023.0,1421.0,2536.0,1254.0,1265.0,1057.0,1107.0,1086.0,1056.0,1042.0,986.0,61925.0,77481.0,76029.0,75253.0,75411.0,71808.0,68221.0
1.02.02.01,Participações Societárias,16861.0,776.0,222.0,601.0,2199.0,931.0,933.0,349.0,349.0,349.0,349.0,402.0,357.0,365.0,364.0,44.0,871.0,1003.0,1002.0,1004.0,1002.0,1379.0,1463.0,1379.0,1395.0,238.0,224.0,223.0,220.0,225.0,306.0,268.0,16923.0,17013.0,18478.0,20362.0,20380.0,19974.0,19644.0,28012.0,35408.0,35405.0,45670.0,1023.0,1421.0,2536.0,1254.0,1265.0,1057.0,1107.0,1086.0,1056.0,1042.0,986.0,61925.0,77481.0,76029.0,75253.0,75411.0,71808.0,68221.0
1.02.02.01.01,Participações em Coligadas,14730.0,0.0,0.0,0.0,0.0,0.0,0.0,0.0,0.0,0.0,0.0,0.0,0.0,0.0,0.0,0.0,0.0,0.0,0.0,0.0,0.0,0.0,0.0,0.0,0.0,0.0,0.0,0.0,0.0,0.0,0.0,0.0,0.0,0.0,18102.0,19981.0,19981.0,19559.0,19559.0,28007.0,35401.0,35398.0,44851.0,0.0,0.0,0.0,0.0,0.0,0.0,0.0,0.0,0.0,0.0,0.0,60928.0,76461.0,74994.0,74108.0,74260.0,70548.0,67021.0
1.02.02.01.05,Outros Investimentos,2131.0,776.0,222.0,601.0,2199.0,931.0,933.0,349.0,349.0,349.0,349.0,402.0,357.0,365.0,364.0,44.0,0.0,0.0,0.0,1004.0,1002.0,1379.0,1463.0,1379.0,1395.0,238.0,224.0,223.0,220.0,225.0,306.0,268.0,16923.0,17013.0,376.0,381.0,399.0,415.0,85.0,5.0,7.0,7.0,819.0,1023.0,1421.0,2536.0,1254.0,1265.0,1057.0,1107.0,1086.0,1056.0,1042.0,986.0,997.0,1020.0,1035.0,1145.0,1151.0,1260.0,1200.0
1.02.02.02,Propriedades para Investimento,0.0,0.0,0.0,0.0,0.0,0.0,0.0,0.0,0.0,0.0,0.0,7220.0,7220.0,7220.0,7220.0,7220.0,7220.0,7220.0,7220.0,7220.0,7220.0,0.0,0.0,0.0,0.0,0.0,0.0,0.0,0.0,0.0,0.0,0.0,0.0,0.0,0.0,0.0,0.0,0.0,0.0,0.0,0.0,,0.0,0.0,0.0,0.0,0.0,0.0,0.0,0.0,0.0,0.0,0.0,0.0,0.0,0.0,0.0,0.0,0.0,0.0,0.0
1.02.03,Imobilizado,2302304.0,2388640.0,2394633.0,2395575.0,2383215.0,2375903.0,2397920.0,2445760.0,2478938.0,2513061.0,2526237.0,2537094.0,2544242.0,2570042.0,2574218.0,2614556.0,2605834.0,2680579.0,2794224.0,2877942.0,3037608.0,3030429.0,3255878.0,3264898.0,3247118.0,3092032.0,3066288.0,3032716.0,3047882.0,3104803.0,3129052.0,3160111.0,3286590.0,3406149.0,3493399.0,3541954.0,3785361.0,3790163.0,3927953.0,3981184.0,4300120.0,4530711.0,4709772.0,4877210.0,5179661.0,4896971.0,5164500.0,5504772.0,5239800.0,5758142.0,5966830.0,6282653.0,6586075.0,6705602.0,7078011.0,7294836.0,7686654.0,8709230.0,8766183.0,9933659.0,9964454.0
1.02.03.01,Imobilizado em Operação,2302304.0,2388640.0,2394633.0,2395575.0,2383215.0,2375903.0,2397920.0,2445760.0,2414457.0,2438643.0,2448964.0,2537094.0,2544242.0,2570042.0,2574218.0,2614556.0,2605834.0,2680579.0,2794224.0,2877942.0,3037608.0,3030429.0,3255878.0,3264898.0,3247118.0,3092032.0,3066288.0,3032716.0,3047882.0,3104803.0,3129052.0,3160111.0,3286590.0,3406149.0,3493399.0,3541954.0,3601203.0,3586364.0,3715097.0,3776561.0,4053935.0,4206492.0,4406791.0,4598730.0,4801270.0,4575883.0,4846417.0,5101051.0,4868962.0,5166384.0,5381824.0,5687629.0,5931477.0,6114674.0,6474638.0,6707545.0,7048151.0,7902014.0,7973049.0,9035224.0,9132744.0
1.02.03.02,Direito de Uso em Arrendamento,0.0,0.0,0.0,0.0,0.0,0.0,0.0,0.0,0.0,0.0,0.0,0.0,0.0,0.0,0.0,0.0,0.0,0.0,0.0,0.0,0.0,0.0,0.0,0.0,0.0,0.0,0.0,0.0,0.0,0.0,0.0,0.0,0.0,0.0,0.0,0.0,184158.0,203799.0,212856.0,204623.0,246185.0,324219.0,302981.0,278480.0,378391.0,321088.0,318083.0,403721.0,370838.0,591758.0,585006.0,595024.0,654598.0,590928.0,603373.0,587291.0,638503.0,807216.0,793134.0,898435.0,831710.0
1.02.03.03,Imobilizado em Andamento,0.0,0.0,0.0,0.0,0.0,0.0,0.0,0.0,64481.0,74418.0,77273.0,0.0,0.0,0.0,0.0,0.0,0.0,0.0,0.0,0.0,0.0,0.0,0.0,0.0,0.0,0.0,0.0,0.0,0.0,0.0,0.0,0.0,0.0,0.0,0.0,0.0,0.0,0.0,0.0,0.0,0.0,0.0,0.0,0.0,0.0,0.0,0.0,0.0,0.0,0.0,0.0,0.0,0.0,0.0,0.0,0.0,0.0,0.0,0.0,0.0,0.0
1.02.04,Intangível,123568.0,199085.0,192085.0,183995.0,179969.0,174675.0,176380.0,360222.0,418863.0,494255.0,493425.0,529984.0,526347.0,527060.0,544520.0,543820.0,547563.0,663055.0,687895.0,671607.0,703648.0,744810.0,784083.0,786714.0,977479.0,943056.0,950107.0,923602.0,942196.0,954675.0,961757.0,961252.0,1190532.0,1280681.0,1296059.0,1220027.0,1213537.0,1188174.0,1228829.0,1319746.0,1509989.0,1557791.0,1604420.0,1595475.0,1677092.0,1537608.0,1617748.0,1550388.0,1463888.0,1512532.0,1517975.0,1524015.0,1495907.0,1440127.0,1477610.0,1471245.0,1496637.0,2293979.0,2350970.0,2820655.0,2780741.0
1.02.04.01,Intangíveis,0.0,0.0,0.0,43870.0,43796.0,37678.0,32346.0,28681.0,31260.0,34758.0,32349.0,31215.0,28108.0,28180.0,30992.0,40772.0,40959.0,45445.0,77440.0,81317.0,93473.0,96516.0,110787.0,117394.0,110355.0,100389.0,98241.0,161200.0,155318.0,159760.0,152512.0,142682.0,142457.0,156801.0,153639.0,225160.0,198883.0,184858.0,185260.0,201431.0,232334.0,249147.0,254856.0,276765.0,277373.0,257182.0,268185.0,188080.0,175424.0,210823.0,218804.0,238820.0,239237.0,235463.0,242398.0,248559.0,253974.0,696531.0,699048.0,755630.0,788947.0
1.02.04.01.02,Outros,0.0,0.0,0.0,43870.0,0.0,0.0,0.0,28681.0,31260.0,34758.0,32349.0,31215.0,28108.0,28180.0,30992.0,40772.0,40959.0,45445.0,77440.0,81317.0,93473.0,96516.0,110787.0,117394.0,110355.0,100389.0,98241.0,161200.0,155318.0,159760.0,152512.0,142682.0,142457.0,156801.0,153639.0,225160.0,198883.0,184858.0,185260.0,201431.0,232334.0,249147.0,254856.0,276765.0,277373.0,257182.0,268185.0,188080.0,175424.0,210823.0,218804.0,238820.0,239237.0,235463.0,242398.0,248559.0,253974.0,696531.0,699048.0,755630.0,788947.0
1.02.04.02,Goodwill,0.0,0.0,0.0,140125.0,136173.0,136997.0,144034.0,331541.0,387603.0,459497.0,461076.0,498769.0,498239.0,498880.0,513528.0,503048.0,506604.0,617610.0,610455.0,590290.0,610175.0,648294.0,673296.0,669320.0,867124.0,842667.0,851866.0,762402.0,786878.0,794915.0,809245.0,818570.0,1048075.0,1123880.0,1142420.0,994867.0,1014654.0,1003316.0,1043569.0,1118315.0,1277655.0,1308644.0,1349564.0,1318710.0,1399719.0,1280426.0,1349563.0,1362308.0,1288464.0,1301709.0,1299171.0,1285195.0,1256670.0,1204664.0,1235212.0,1222686.0,1242663.0,1597448.0,1651922.0,2065025.0,1991794.0
 ,,,,,,,,,,,,,,,,,,,,,,,,,,,,,,,,,,,,,,,,,,,,,,,,,,,,,,,,,,,,,,
 ,,,,,,,,,,,,,,,,,,,,,,,,,,,,,,,,,,,,,,,,,,,,,,,,,,,,,,,,,,,,,,
2,Passivo Total,6417038.0,7343910.0,7365112.0,7511164.0,7424388.0,7979509.0,8695827.0,9105861.0,8824120.0,9109705.0,8757033.0,8873550.0,9496435.0,9542922.0,9552065.0,10141293.0,9898693.0,10362672.0,10902810.0,11782630.0,12951305.0,13121290.0,14289917.0,14261541.0,13458854.0,13048678.0,13634825.0,13481407.0,13446033.0,14181424.0,13964453.0,13981142.0,14522184.0,15464046.0,16274130.0,15399850.0,15226982.0,14907806.0,15479421.0,15687641.0,17371333.0,18007781.0,19048875.0,19927896.0,21161200.0,21411835.0,22500301.0,23932787.0,24169250.0,25882424.0,27697485.0,28134660.0,28920083.0,29101227.0,30075811.0,31496270.0,31981696.0,37439486.0,36315645.0,41489701.0,39323514.0
2.01,Passivo Circulante,1582381.0,1883425.0,1795005.0,1938803.0,2013822.0,2179394.0,2818379.0,2752960.0,2580679.0,3230080.0,2876077.0,3012824.0,2852160.0,2840488.0,2709593.0,2578048.0,2506714.0,2484307.0,2840667.0,3379017.0,4085760.0,4129670.0,4597696.0,3494850.0,3057697.0,3117248.0,3021444.0,3278855.0,3109281.0,3939327.0,3990150.0,4326788.0,4156279.0,4953204.0,5579559.0,5034004.0,4859505.0,4400792.0,4537024.0,4491021.0,4951231.0,4687927.0,4924701.0,5882044.0,6488389.0,7407489.0,7533439.0,7927884.0,9300954.0,10410529.0,10789911.0,10262877.0,11095417.0,10724454.0,11125693.0,11219689.0,11688883.0,14218966.0,13328901.0,15454265.0,14715666.0
2.01.01,Obrigações Sociais e Trabalhistas,115619.0,147248.0,167220.0,141797.0,134958.0,188147.0,188599.0,161436.0,161850.0,226231.0,223573.0,128831.0,172007.0,244200.0,231383.0,152739.0,199637.0,245082.0,271371.0,173382.0,231686.0,269395.0,313073.0,191077.0,261940.0,285974.0,319764.0,199543.0,254819.0,301495.0,340635.0,211062.0,286691.0,330444.0,370846.0,240346.0,321938.0,374793.0,423003.0,287187.0,387619.0,508955.0,564222.0,366790.0,477125.0,516302.0,587206.0,388190.0,515734.0,609342.0,692037.0,466843.0,603689.0,663134.0,776422.0,515538.0,742322.0,899982.0,986208.0,728469.0,891905.0
2.01.01.01,Obrigações Sociais,115619.0,147248.0,167220.0,141797.0,134958.0,188147.0,188599.0,161436.0,161850.0,226231.0,223573.0,128831.0,172007.0,244200.0,231383.0,152739.0,199637.0,245082.0,271371.0,173382.0,231686.0,269395.0,313073.0,191077.0,261940.0,285974.0,319764.0,199543.0,254819.0,301495.0,340635.0,211062.0,286691.0,330444.0,370846.0,240346.0,321938.0,374793.0,423003.0,287187.0,387619.0,508955.0,564222.0,366790.0,477125.0,516302.0,587206.0,388190.0,515734.0,609342.0,692037.0,466843.0,603689.0,663134.0,776422.0,515538.0,742322.0,899982.0,986208.0,728469.0,891905.0
2.01.02,Fornecedores,206530.0,289674.0,273823.0,242300.0,259762.0,295775.0,317125.0,298195.0,329571.0,349350.0,321473.0,331037.0,365492.0,362605.0,362428.0,420250.0,379952.0,420498.0,512394.0,445577.0,594308.0,549136.0,671967.0,566769.0,502294.0,479139.0,519466.0,562851.0,612122.0,640286.0,668828.0,750533.0,780109.0,973788.0,878547.0,842957.0,820402.0,809232.0,797051.0,839879.0,1107393.0,928897.0,1239930.0,1249368.0,1726734.0,1875591.0,1968897.0,2120338.0,2171283.0,2245478.0,2405151.0,2036216.0,2298669.0,2139603.0,2300085.0,2190088.0,2332032.0,3240438.0,3131384.0,3778116.0,3367472.0
2.01.03,Obrigações Fiscais,46564.0,52503.0,73452.0,72204.0,68362.0,94022.0,63632.0,88474.0,84450.0,85137.0,113478.0,126655.0,103069.0,113854.0,138569.0,139570.0,137847.0,102357.0,120509.0,148335.0,163946.0,120338.0,151490.0,121461.0,120842.0,110354.0,117928.0,125062.0,123750.0,129302.0,126410.0,102944.0,137200.0,141475.0,150240.0,88183.0,147729.0,144544.0,131513.0,134510.0,165839.0,194686.0,228293.0,240467.0,298671.0,408859.0,410308.0,279271.0,365868.0,488367.0,683633.0,459647.0,588812.0,559764.0,588772.0,483273.0,810326.0,798528.0,871697.0,799564.0,846911.0
2.01.03.01,Obrigações Fiscais Federais,46564.0,52503.0,73452.0,72204.0,68362.0,94022.0,63632.0,88474.0,84450.0,85137.0,113478.0,126655.0,103069.0,113854.0,138569.0,139570.0,137847.0,102357.0,120509.0,148335.0,163946.0,120338.0,151490.0,121461.0,120842.0,110354.0,117928.0,125062.0,123750.0,129302.0,126410.0,102944.0,137200.0,141475.0,150240.0,88183.0,147729.0,144544.0,131513.0,134510.0,165839.0,194686.0,228293.0,240467.0,298671.0,408859.0,410308.0,279271.0,365868.0,488367.0,683633.0,459647.0,588812.0,559764.0,588772.0,483273.0,810326.0,798528.0,871697.0,799564.0,846911.0
2.01.03.01.01,Imposto de Renda e Contribuição Social a Pagar,0.0,0.0,0.0,41718.0,31997.0,53979.0,32196.0,44186.0,38434.0,47986.0,73178.0,72927.0,51664.0,52277.0,78783.0,83771.0,72342.0,50330.0,65230.0,84714.0,88616.0,42681.0,73898.0,28160.0,21340.0,24985.0,35569.0,29241.0,27109.0,36473.0,34308.0,29672.0,36042.0,51123.0,59343.0,24968.0,36806.0,48517.0,27593.0,31578.0,29813.0,63720.0,90564.0,111072.0,102528.0,256820.0,220977.0,129609.0,131715.0,261739.0,459305.0,269990.0,244993.0,266807.0,291819.0,238202.0,415942.0,426680.0,490575.0,474494.0,384615.0
2.01.03.01.02,Outros,0.0,0.0,0.0,30486.0,36365.0,40043.0,31436.0,44288.0,46016.0,37151.0,40300.0,53728.0,51405.0,61577.0,59786.0,55799.0,65505.0,52027.0,55279.0,63621.0,75330.0,77657.0,77592.0,93301.0,99502.0,85369.0,82359.0,95821.0,96641.0,92829.0,92102.0,73272.0,101158.0,90352.0,90897.0,63215.0,110923.0,96027.0,103920.0,102932.0,136026.0,130966.0,137729.0,129395.0,196143.0,152039.0,189331.0,149662.0,234153.0,226628.0,224328.0,189657.0,343819.0,292957.0,296953.0,245071.0,394384.0,371848.0,381122.0,325070.0,462296.0
2.01.04,Empréstimos e Financiamentos,814274.0,741233.0,841311.0,1018995.0,1104366.0,1111282.0,1797222.0,1701435.0,1464198.0,1935177.0,1617387.0,1645772.0,1526274.0,1327078.0,1114526.0,905883.0,914246.0,712711.0,918380.0,1462493.0,1996255.0,2017657.0,2107029.0,1284633.0,1017473.0,819066.0,866919.0,991433.0,929526.0,1651218.0,1740222.0,2014530.0,1611873.0,1988080.0,2653066.0,2049093.0,1964060.0,1486659.0,1456417.0,936370.0,865571.0,466585.0,296413.0,642284.0,634679.0,939588.0,1031609.0,1052044.0,2466445.0,2712497.0,2639967.0,2307817.0,2572739.0,1924891.0,2189867.0,2170324.0,2073519.0,2968661.0,2552367.0,2850956.0,2986525.0
2.01.04.01,Empréstimos e Financiamentos,814274.0,741233.0,841311.0,1018995.0,1104366.0,1111282.0,1797222.0,1701435.0,1464198.0,1935177.0,1617387.0,1645772.0,1526274.0,1327078.0,1114526.0,905883.0,914246.0,712711.0,918380.0,1462493.0,1996255.0,2017657.0,2107029.0,1284633.0,1017473.0,819066.0,866919.0,991433.0,929526.0,1651218.0,1740222.0,2014530.0,1611873.0,1988080.0,2653066.0,2049093.0,1964060.0,1486659.0,1456417.0,936370.0,865571.0,466585.0,296413.0,642284.0,634679.0,939588.0,1031609.0,1052044.0,2466445.0,2712497.0,2639967.0,2307817.0,2572739.0,1924891.0,2189867.0,2170324.0,2073519.0,2968661.0,2552367.0,2850956.0,2986525.0
2.01.04.01.01,Em Moeda Nacional,0.0,0.0,0.0,0.0,0.0,0.0,0.0,0.0,0.0,0.0,0.0,0.0,0.0,0.0,0.0,0.0,0.0,0.0,0.0,0.0,0.0,0.0,0.0,637552.0,437731.0,454881.0,581900.0,642413.0,635192.0,991418.0,1051077.0,1300232.0,890748.0,491033.0,503920.0,175475.0,176385.0,175902.0,169830.0,87566.0,88305.0,89458.0,55414.0,12289.0,8427.0,7738.0,8177.0,7769.0,12240.0,8283.0,10416.0,8494.0,9775.0,8372.0,160838.0,158814.0,7970.0,6245.0,6848.0,6089.0,6938.0
2.01.04.01.02,Em Moeda Estrangeira,0.0,0.0,0.0,0.0,0.0,0.0,0.0,0.0,0.0,0.0,0.0,0.0,0.0,0.0,0.0,0.0,0.0,0.0,0.0,0.0,0.0,0.0,0.0,647081.0,579742.0,364185.0,285019.0,349020.0,294334.0,659800.0,689145.0,714298.0,721125.0,1497047.0,2149146.0,1873618.0,1787675.0,1310757.0,1286587.0,848804.0,777266.0,377127.0,240999.0,629995.0,626252.0,931850.0,1023432.0,1044275.0,2454205.0,2704214.0,2629551.0,2299323.0,2562964.0,1916519.0,2029029.0,2011510.0,2065549.0,2962416.0,2545519.0,2844867.0,2979587.0
2.01.05,Outras Obrigações,399394.0,652767.0,439199.0,463507.0,446374.0,490168.0,451801.0,503420.0,540610.0,634185.0,600166.0,780529.0,685318.0,792751.0,862687.0,959606.0,875032.0,1003659.0,1018013.0,1149230.0,1099565.0,1173144.0,1354137.0,1330910.0,1155148.0,1422715.0,1197367.0,1399966.0,1189064.0,1217026.0,1114055.0,1247719.0,1340406.0,1519417.0,1526860.0,1813425.0,1605376.0,1585564.0,1729040.0,2293075.0,2424809.0,2588804.0,2595843.0,3383135.0,3351180.0,3667149.0,3535419.0,4088041.0,3781624.0,4354845.0,4369123.0,4992354.0,5031508.0,5437062.0,5270547.0,5860466.0,5730684.0,6311357.0,5787245.0,7297160.0,6622853.0
2.01.05.01,Passivos com Partes Relacionadas,0.0,0.0,0.0,0.0,3438.0,1621.0,2308.0,0.0,0.0,0.0,0.0,0.0,0.0,0.0,0.0,0.0,0.0,0.0,0.0,0.0,0.0,0.0,0.0,0.0,0.0,0.0,0.0,0.0,0.0,0.0,0.0,0.0,0.0,0.0,0.0,0.0,0.0,0.0,0.0,0.0,0.0,0.0,0.0,0.0,0.0,0.0,0.0,0.0,0.0,0.0,0.0,0.0,0.0,0.0,0.0,0.0,0.0,0.0,0.0,0.0,0.0
2.01.05.01.04,Débitos com Outras Partes Relacionadas,0.0,0.0,0.0,0.0,3438.0,1621.0,2308.0,0.0,0.0,0.0,0.0,0.0,0.0,0.0,0.0,0.0,0.0,0.0,0.0,0.0,0.0,0.0,0.0,0.0,0.0,0.0,0.0,0.0,0.0,0.0,0.0,0.0,0.0,0.0,0.0,0.0,0.0,0.0,0.0,0.0,0.0,0.0,0.0,0.0,0.0,0.0,0.0,0.0,0.0,0.0,0.0,0.0,0.0,0.0,0.0,0.0,0.0,0.0,0.0,0.0,0.0
2.01.05.02,Outros,399394.0,652767.0,439199.0,463507.0,442936.0,488547.0,449493.0,503420.0,540610.0,634185.0,600166.0,780529.0,685318.0,792751.0,862687.0,959606.0,875032.0,1003659.0,1018013.0,1149230.0,1099565.0,1173144.0,1354137.0,1330910.0,1155148.0,1422715.0,1197367.0,1399966.0,1189064.0,1217026.0,1114055.0,1247719.0,1340406.0,1519417.0,1526860.0,1813425.0,1605376.0,1585564.0,1729040.0,2293075.0,2424809.0,2588804.0,2595843.0,3383135.0,3351180.0,3667149.0,3535419.0,4088041.0,3781624.0,4354845.0,4369123.0,4992354.0,5031508.0,5437062.0,5270547.0,5860466.0,5730684.0,6311357.0,5787245.0,7297160.0,6622853.0
2.01.05.02.01,Dividendos e JCP a Pagar,29454.0,59973.0,32052.0,63440.0,39575.0,78682.0,47903.0,2804.0,44428.0,84507.0,43327.0,79381.0,36718.0,89310.0,42708.0,87723.0,47016.0,121897.0,81661.0,111707.0,69707.0,143964.0,92809.0,172484.0,94263.0,177432.0,84982.0,191365.0,94379.0,175471.0,82411.0,160892.0,75191.0,144820.0,73143.0,165441.0,86416.0,162448.0,76520.0,145376.0,59862.0,213812.0,67736.0,136007.0,67189.0,436163.0,81457.0,195272.0,139743.0,402775.0,167861.0,361838.0,200860.0,578205.0,224278.0,482903.0,219416.0,609317.0,273802.0,561679.0,314948.0
2.01.05.02.04,Adiantamento de Clientes,221004.0,259979.0,233844.0,271949.0,278978.0,265356.0,239143.0,285843.0,286379.0,325175.0,316697.0,358124.0,306889.0,395904.0,477696.0,459130.0,469261.0,485371.0,520966.0,590815.0,564522.0,493456.0,578720.0,486225.0,434562.0,686549.0,518105.0,577688.0,544750.0,479093.0,467451.0,429258.0,611535.0,544865.0,622430.0,655242.0,541774.0,511514.0,645819.0,814964.0,903823.0,1098189.0,1216807.0,1714656.0,1910482.0,1756826.0,1966805.0,2267484.0,2178944.0,2323798.0,2582777.0,2854545.0,3077645.0,2936323.0,3055609.0,3238834.0,3561017.0,3217582.0,3090230.0,4040292.0,3828456.0
2.01.05.02.05,Participação nos Lucros,23191.0,39955.0,34050.0,23583.0,24380.0,22309.0,39348.0,26314.0,29758.0,20485.0,40752.0,73559.0,38260.0,24450.0,57472.0,98005.0,44201.0,73952.0,64432.0,111173.0,55185.0,91738.0,84861.0,143897.0,52901.0,88506.0,82974.0,124764.0,56822.0,94578.0,88357.0,138788.0,62218.0,107363.0,111768.0,167941.0,73002.0,117287.0,119943.0,212608.0,110892.0,179722.0,212781.0,335428.0,166077.0,338842.0,290325.0,384272.0,201611.0,270396.0,270176.0,447150.0,269948.0,403634.0,325968.0,563436.0,271164.0,394838.0,358712.0,569328.0,254788.0
2.01.05.02.06,Instrumentos Financeiros Derivativos,0.0,0.0,0.0,0.0,0.0,0.0,0.0,0.0,0.0,0.0,0.0,0.0,0.0,0.0,0.0,6913.0,0.0,0.0,0.0,2461.0,2437.0,2579.0,3107.0,1438.0,14434.0,30816.0,35584.0,37519.0,38755.0,29890.0,19913.0,12845.0,6663.0,32693.0,20162.0,12070.0,22672.0,1785.0,22664.0,13879.0,22589.0,14280.0,21189.0,14011.0,11688.0,13934.0,51166.0,17324.0,62439.0,119483.0,133364.0,87831.0,141951.0,136609.0,110393.0,73082.0,104404.0,88706.0,32999.0,26237.0,13043.0
2.01.05.02.07,Arrendamento Mercantil,0.0,0.0,0.0,0.0,0.0,0.0,0.0,0.0,0.0,0.0,0.0,0.0,0.0,0.0,0.0,0.0,0.0,0.0,0.0,0.0,0.0,0.0,0.0,0.0,0.0,0.0,0.0,0.0,0.0,0.0,0.0,0.0,0.0,0.0,0.0,0.0,61615.0,48220.0,30879.0,49168.0,60106.0,65184.0,56242.0,63994.0,72103.0,57851.0,49438.0,73268.0,60550.0,64360.0,61638.0,103036.0,106283.0,92491.0,72301.0,72872.0,72240.0,98900.0,93640.0,107668.0,102988.0
2.01.05.02.08,Contas a pagar - controladas no exterior,0.0,0.0,0.0,0.0,0.0,0.0,0.0,0.0,0.0,0.0,0.0,0.0,0.0,0.0,0.0,118555.0,0.0,0.0,0.0,86384.0,0.0,0.0,0.0,209867.0,223291.0,187669.0,203786.0,182426.0,151715.0,155374.0,150460.0,180119.0,171145.0,221348.0,241994.0,161572.0,294167.0,209170.0,219848.0,210113.0,292585.0,349819.0,338075.0,249933.0,349008.0,352361.0,211557.0,0.0,0.0,0.0,0.0,0.0,0.0,0.0,0.0,0.0,0.0,0.0,0.0,,
2.01.05.02.09,Provisão para Garantias de Produtos,0.0,0.0,0.0,0.0,0.0,0.0,0.0,0.0,0.0,0.0,0.0,0.0,0.0,0.0,0.0,0.0,0.0,0.0,0.0,0.0,0.0,0.0,0.0,0.0,0.0,0.0,0.0,102857.0,0.0,0.0,0.0,118090.0,0.0,0.0,0.0,155532.0,142360.0,145707.0,158049.0,168338.0,202515.0,226746.0,243908.0,251595.0,273707.0,260948.0,269388.0,259409.0,271403.0,300220.0,327746.0,353203.0,366633.0,368885.0,392078.0,427072.0,455661.0,518457.0,526080.0,579009.0,592578.0
2.01.05.02.10,Faturamento para Entrega Futura,0.0,0.0,0.0,0.0,0.0,0.0,0.0,0.0,0.0,0.0,0.0,0.0,0.0,0.0,0.0,0.0,0.0,0.0,0.0,0.0,0.0,0.0,0.0,0.0,0.0,0.0,0.0,0.0,0.0,0.0,0.0,13744.0,0.0,0.0,0.0,155137.0,0.0,0.0,0.0,414337.0,542527.0,230900.0,171936.0,263294.0,221439.0,166799.0,177845.0,273578.0,249525.0,189517.0,111991.0,112231.0,131071.0,165252.0,188030.0,120043.0,104656.0,82400.0,90856.0,77589.0,67096.0
2.01.05.02.11,Outros,125745.0,292860.0,139253.0,104535.0,100003.0,122200.0,123099.0,188459.0,180045.0,204018.0,199390.0,269465.0,303451.0,283087.0,284811.0,189280.0,314554.0,322439.0,350954.0,246690.0,407714.0,441407.0,594640.0,316999.0,335697.0,251743.0,271936.0,183347.0,302643.0,282620.0,305463.0,193983.0,413654.0,468328.0,457363.0,340490.0,383370.0,389433.0,455318.0,264292.0,229910.0,210152.0,267169.0,354217.0,279487.0,283425.0,437438.0,617434.0,617409.0,684296.0,713570.0,672520.0,737117.0,755663.0,901890.0,882224.0,942126.0,1301157.0,1320926.0,1335358.0,1448956.0
2.02,Passivo Não Circulante,1547248.0,2057349.0,2126673.0,2028525.0,1882071.0,2192908.0,2167388.0,2446312.0,2484115.0,1965957.0,1876901.0,1709100.0,2528789.0,2380354.0,2432182.0,2920978.0,2822456.0,3170626.0,3185051.0,3264350.0,3467515.0,3451941.0,3702273.0,4610631.0,4394119.0,4125897.0,4650027.0,4159644.0,4232500.0,3777533.0,3461032.0,2815892.0,3402636.0,2965058.0,2922452.0,2512589.0,2444325.0,2338568.0,2452116.0,2266630.0,2536855.0,2691175.0,2724139.0,2115554.0,2295565.0,1682133.0,1827090.0,1994231.0,2080964.0,1671144.0,2619652.0,2623428.0,2524337.0,2546250.0,2350331.0,2421805.0,2325647.0,3219811.0,2518193.0,2910219.0,2379060.0
2.02.01,Empréstimos e Financiamentos,968192.0,1445891.0,1503836.0,1399948.0,1251638.0,1567111.0,1491765.0,1756293.0,1769528.0,1325811.0,1256575.0,1044068.0,1878432.0,1721686.0,1773632.0,2286953.0,2192311.0,2530842.0,2554109.0,2615049.0,2799251.0,2720227.0,2972924.0,3868335.0,3636054.0,3355427.0,3887457.0,3408892.0,3443358.0,3001046.0,2652021.0,2041912.0,2537113.0,2169171.0,2118054.0,1723021.0,1490360.0,1424176.0,1509966.0,1348599.0,1597860.0,1657748.0,1673573.0,1044296.0,1112918.0,562148.0,603600.0,737071.0,612271.0,141331.0,1195074.0,1151875.0,866400.0,857831.0,658705.0,664737.0,611580.0,1212316.0,474659.0,744281.0,248759.0
2.02.01.01,Empréstimos e Financiamentos,968192.0,1445891.0,1503836.0,1399948.0,1251638.0,1567111.0,1491765.0,1756293.0,1769528.0,1325811.0,1256575.0,1044068.0,1878432.0,1721686.0,1773632.0,2286953.0,2192311.0,2530842.0,2554109.0,2615049.0,2799251.0,2720227.0,2972924.0,3868335.0,3636054.0,3355427.0,3887457.0,3408892.0,3443358.0,3001046.0,2652021.0,2041912.0,2537113.0,2169171.0,2118054.0,1723021.0,1490360.0,1424176.0,1509966.0,1348599.0,1597860.0,1657748.0,1673573.0,1044296.0,1112918.0,562148.0,603600.0,737071.0,612271.0,141331.0,1195074.0,1151875.0,866400.0,857831.0,658705.0,664737.0,611580.0,1212316.0,474659.0,744281.0,248759.0
2.02.01.01.01,Em Moeda Nacional,0.0,0.0,0.0,0.0,0.0,0.0,0.0,0.0,0.0,0.0,0.0,0.0,0.0,0.0,0.0,0.0,0.0,0.0,0.0,0.0,0.0,0.0,0.0,1747118.0,1707451.0,1653548.0,2232088.0,1887571.0,1957945.0,1545996.0,1357194.0,457386.0,483787.0,432416.0,398939.0,315291.0,287800.0,260303.0,232467.0,107930.0,94409.0,78333.0,62605.0,48193.0,42862.0,39406.0,39140.0,35818.0,40500.0,36288.0,34765.0,31691.0,31142.0,41995.0,63981.0,91192.0,119360.0,156477.0,211234.0,248894.0,248759.0
2.02.01.01.02,Em Moeda Estrangeira,0.0,0.0,0.0,0.0,0.0,0.0,0.0,0.0,0.0,0.0,0.0,0.0,0.0,0.0,0.0,0.0,0.0,0.0,0.0,0.0,0.0,0.0,0.0,2121217.0,1928603.0,1701879.0,1655369.0,1521321.0,1485413.0,1455050.0,1294827.0,1584526.0,2053326.0,1736755.0,1719115.0,1407730.0,1202560.0,1163873.0,1277499.0,1240669.0,1503451.0,1579415.0,1610968.0,996103.0,1070056.0,522742.0,564460.0,701253.0,571771.0,105043.0,1160309.0,1120184.0,835258.0,815836.0,594724.0,573545.0,492220.0,1055839.0,263425.0,495387.0,0.0
2.02.02,Outras Obrigações,75488.0,88453.0,92250.0,86875.0,89435.0,86317.0,129275.0,122485.0,137777.0,142261.0,124966.0,137916.0,123063.0,113323.0,115300.0,104286.0,98307.0,106603.0,107150.0,107463.0,120411.0,140573.0,168922.0,159632.0,181225.0,192160.0,172968.0,157147.0,166424.0,137988.0,169024.0,150390.0,213193.0,156633.0,164923.0,155394.0,312422.0,295441.0,310979.0,291310.0,308047.0,401884.0,398914.0,388928.0,479206.0,432767.0,528231.0,542097.0,719297.0,798655.0,668144.0,674929.0,824683.0,818426.0,798016.0,795378.0,753360.0,1041076.0,1103045.0,1212384.0,1184065.0
2.02.02.01,Passivos com Partes Relacionadas,0.0,0.0,0.0,0.0,0.0,0.0,0.0,0.0,0.0,0.0,926.0,0.0,0.0,0.0,0.0,0.0,0.0,0.0,0.0,0.0,0.0,0.0,0.0,0.0,0.0,0.0,0.0,0.0,0.0,0.0,0.0,0.0,0.0,0.0,0.0,0.0,0.0,0.0,0.0,0.0,0.0,0.0,0.0,0.0,0.0,0.0,0.0,0.0,0.0,0.0,0.0,0.0,0.0,0.0,0.0,0.0,0.0,0.0,0.0,0.0,0.0
2.02.02.02,Outros,75488.0,88453.0,92250.0,86875.0,89435.0,86317.0,129275.0,122485.0,137777.0,142261.0,124040.0,137916.0,123063.0,113323.0,115300.0,104286.0,98307.0,106603.0,107150.0,107463.0,120411.0,140573.0,168922.0,159632.0,181225.0,192160.0,172968.0,157147.0,166424.0,137988.0,169024.0,150390.0,213193.0,156633.0,164923.0,155394.0,312422.0,295441.0,310979.0,291310.0,308047.0,401884.0,398914.0,388928.0,479206.0,432767.0,528231.0,542097.0,719297.0,798655.0,668144.0,674929.0,824683.0,818426.0,798016.0,795378.0,753360.0,1041076.0,1103045.0,1212384.0,1184065.0
2.02.02.02.03,Obrigações Tributárias,59077.0,63449.0,67816.0,58765.0,65784.0,60235.0,64737.0,58326.0,61117.0,63599.0,44576.0,47328.0,48835.0,50147.0,52051.0,30199.0,30333.0,30415.0,30735.0,9011.0,8883.0,8709.0,8601.0,783.0,785.0,758.0,731.0,0.0,882.0,874.0,854.0,0.0,4683.0,4286.0,3919.0,0.0,0.0,0.0,0.0,2856.0,0.0,0.0,0.0,3972.0,0.0,0.0,79154.0,130623.0,172792.0,147353.0,10067.0,9393.0,12212.0,13269.0,14112.0,13650.0,17110.0,21633.0,24567.0,23647.0,27180.0
2.02.02.02.04,Instrumentos Financeiros Derivativos,0.0,0.0,0.0,0.0,0.0,0.0,0.0,0.0,0.0,0.0,0.0,0.0,0.0,0.0,0.0,9255.0,0.0,0.0,0.0,12147.0,11149.0,15591.0,12809.0,16248.0,38736.0,68368.0,64191.0,51854.0,62811.0,43761.0,60473.0,40795.0,66294.0,9014.0,8588.0,8124.0,7812.0,7614.0,7556.0,6679.0,7549.0,10468.0,7583.0,6500.0,5960.0,4710.0,3980.0,0.0,137048.0,11944.0,7717.0,47413.0,96162.0,128606.0,71677.0,91863.0,624.0,4560.0,421.0,0.0,256.0
2.02.02.02.05,Arrendamento Mercantil,0.0,0.0,0.0,0.0,0.0,0.0,0.0,0.0,0.0,0.0,0.0,0.0,0.0,0.0,0.0,0.0,0.0,0.0,0.0,0.0,0.0,0.0,0.0,0.0,0.0,0.0,0.0,0.0,0.0,0.0,0.0,0.0,0.0,0.0,0.0,0.0,132472.0,153613.0,180744.0,153667.0,183084.0,258316.0,247157.0,223532.0,314732.0,273758.0,284042.0,249245.0,249231.0,468231.0,469082.0,446594.0,510127.0,471350.0,502774.0,484027.0,536525.0,661408.0,655571.0,715450.0,660045.0
2.02.02.02.06,Outros,16411.0,25004.0,24434.0,28110.0,23651.0,26082.0,28373.0,64159.0,76660.0,78662.0,79464.0,90588.0,74228.0,63176.0,63249.0,64832.0,67974.0,76188.0,76415.0,86305.0,100379.0,116273.0,147512.0,142601.0,141704.0,123034.0,108046.0,105293.0,102731.0,93353.0,107697.0,109595.0,142216.0,143333.0,152416.0,147270.0,172138.0,134214.0,122679.0,128108.0,117414.0,133100.0,144174.0,154924.0,158514.0,154299.0,161055.0,162229.0,160226.0,171127.0,181278.0,171529.0,206182.0,205201.0,209453.0,205838.0,199101.0,353475.0,422486.0,473287.0,496584.0
2.02.02.02.07,Adiantamento de Clientes,0.0,0.0,0.0,0.0,0.0,0.0,36165.0,0.0,0.0,0.0,0.0,0.0,0.0,0.0,0.0,0.0,0.0,0.0,0.0,0.0,0.0,0.0,0.0,0.0,0.0,0.0,0.0,0.0,0.0,0.0,0.0,0.0,0.0,0.0,0.0,0.0,0.0,0.0,0.0,0.0,0.0,0.0,0.0,0.0,0.0,0.0,0.0,0.0,0.0,0.0,0.0,0.0,0.0,0.0,0.0,0.0,0.0,0.0,0.0,0.0,0.0
2.02.03,Tributos Diferidos,402003.0,413449.0,417304.0,415318.0,415682.0,411203.0,411545.0,421918.0,424223.0,331370.0,322296.0,320503.0,319621.0,310429.0,295173.0,294405.0,292073.0,290117.0,278955.0,282989.0,275698.0,298680.0,230914.0,242696.0,224250.0,202377.0,184930.0,159203.0,162548.0,150370.0,137024.0,116629.0,124149.0,97613.0,81139.0,86537.0,86538.0,76751.0,71038.0,75143.0,87611.0,82661.0,77660.0,69625.0,86289.0,73760.0,74183.0,71892.0,87007.0,66634.0,71001.0,77136.0,77604.0,71347.0,74262.0,87056.0,92739.0,112439.0,102108.0,170520.0,163936.0
2.02.03.01,Imposto de Renda e Contribuição Social Diferidos,402003.0,413449.0,417304.0,415318.0,415682.0,411203.0,411545.0,421918.0,424223.0,331370.0,322296.0,320503.0,319621.0,310429.0,295173.0,294405.0,292073.0,290117.0,278955.0,282989.0,275698.0,298680.0,230914.0,242696.0,224250.0,202377.0,184930.0,159203.0,162548.0,150370.0,137024.0,116629.0,124149.0,97613.0,81139.0,86537.0,86538.0,76751.0,71038.0,75143.0,87611.0,82661.0,77660.0,69625.0,86289.0,73760.0,74183.0,71892.0,87007.0,66634.0,71001.0,77136.0,77604.0,71347.0,74262.0,87056.0,92739.0,112439.0,102108.0,170520.0,163936.0
2.02.04,Provisões,101565.0,109556.0,113283.0,126384.0,125316.0,128277.0,134803.0,145616.0,152587.0,166515.0,173064.0,206613.0,207673.0,234916.0,248077.0,235334.0,239765.0,243064.0,244837.0,258849.0,272155.0,292461.0,329513.0,339968.0,352590.0,375933.0,404672.0,434402.0,460170.0,488129.0,502963.0,506961.0,528181.0,541641.0,558336.0,547637.0,555005.0,542200.0,560133.0,551578.0,543337.0,548882.0,573992.0,612705.0,617152.0,613458.0,621076.0,643171.0,662389.0,664524.0,685433.0,719488.0,755650.0,798646.0,819348.0,874634.0,867968.0,853980.0,838381.0,783034.0,782300.0
2.03,Patrimônio Líquido Consolidado,3287409.0,3403136.0,3443434.0,3543836.0,3528495.0,3607207.0,3710060.0,3906589.0,3759326.0,3913668.0,4004055.0,4151626.0,4115486.0,4322080.0,4410290.0,4642267.0,4569523.0,4707739.0,4877092.0,5139263.0,5398030.0,5539679.0,5989948.0,6156060.0,6007038.0,5805533.0,5963354.0,6042908.0,6104252.0,6464564.0,6513271.0,6838462.0,6963269.0,7545784.0,7772119.0,7853257.0,7923152.0,8168446.0,8490281.0,8929990.0,9883247.0,10628679.0,11400035.0,11930298.0,12377246.0,12322213.0,13139772.0,14010672.0,12787332.0,13800751.0,14287922.0,15248355.0,15300329.0,15830523.0,16599787.0,17854776.0,17967166.0,20000709.0,20468551.0,23125217.0,22228788.0
2.03.01,Capital Social Realizado,1812294.0,1812294.0,1812294.0,1812294.0,1812294.0,2265367.0,2265367.0,2265367.0,2265367.0,2718440.0,2718440.0,2718440.0,2718440.0,2718440.0,2718440.0,2718440.0,2718440.0,3533973.0,3533973.0,3533973.0,3533973.0,3533973.0,3533973.0,3533973.0,3533973.0,3533973.0,3533973.0,3533973.0,3533973.0,3533973.0,3533973.0,3533973.0,3533973.0,5504517.0,5504517.0,5504517.0,5504517.0,5504517.0,5504517.0,5504517.0,5504517.0,5504517.0,5504517.0,5504517.0,5504517.0,5504517.0,5504517.0,5504517.0,5504517.0,6504517.0,6504517.0,6504517.0,6504517.0,6504517.0,6504517.0,6504517.0,6504517.0,7504517.0,7504517.0,7504517.0,7504517.0
2.03.02,Reservas de Capital,44931.0,44931.0,44931.0,44931.0,44931.0,0.0,0.0,239.0,-50776.0,-51319.0,-51189.0,-53319.0,-58330.0,-58137.0,-57919.0,-57724.0,-60203.0,-59852.0,-59472.0,-67557.0,-58876.0,-58054.0,-57672.0,-74113.0,-71174.0,-69823.0,-68504.0,-68092.0,-77585.0,-75703.0,-72763.0,-91997.0,-90520.0,-92780.0,-89914.0,-87102.0,-106151.0,-103110.0,-103207.0,-103868.0,-122450.0,-128411.0,-132724.0,-132242.0,-141733.0,-123909.0,-125191.0,-120840.0,-113996.0,-116923.0,-109433.0,-108853.0,-101400.0,-90899.0,-135252.0,-131389.0,-135670.0,-150390.0,-149482.0,-155191.0,-170595.0
2.03.02.01,Ágio na Emissão de Ações,44931.0,44931.0,44931.0,44931.0,44931.0,0.0,0.0,0.0,0.0,0.0,0.0,0.0,0.0,0.0,0.0,0.0,0.0,0.0,0.0,0.0,0.0,0.0,0.0,0.0,0.0,0.0,0.0,0.0,0.0,0.0,0.0,0.0,0.0,0.0,0.0,0.0,0.0,0.0,0.0,0.0,0.0,0.0,0.0,0.0,0.0,0.0,0.0,0.0,0.0,0.0,0.0,0.0,0.0,0.0,0.0,0.0,0.0,0.0,0.0,0.0,0.0
2.03.02.04,Opções Outorgadas,0.0,0.0,0.0,0.0,0.0,0.0,0.0,239.0,331.0,469.0,599.0,758.0,916.0,1004.0,1129.0,1325.0,1545.0,1573.0,1615.0,1817.0,2049.0,1869.0,1903.0,2474.0,1352.0,1474.0,1627.0,1971.0,2640.0,3286.0,3711.0,4437.0,5409.0,6647.0,7876.0,9615.0,8857.0,10057.0,11367.0,12857.0,6429.0,8547.0,9487.0,11512.0,7279.0,9317.0,11701.0,13567.0,10545.0,12147.0,13233.0,15829.0,13325.0,13798.0,15329.0,17831.0,15321.0,12276.0,15525.0,17458.0,10005.0
2.03.02.05,Ações em Tesouraria,0.0,0.0,0.0,0.0,0.0,0.0,0.0,0.0,0.0,0.0,0.0,0.0,0.0,0.0,0.0,0.0,0.0,0.0,0.0,-8418.0,,,,-17069.0,-13673.0,-12744.0,-11968.0,-11924.0,-20200.0,-19315.0,-17796.0,-17392.0,-16902.0,-16083.0,-15261.0,-15261.0,-13411.0,-12499.0,-11684.0,-11419.0,-16997.0,-16470.0,-15779.0,-15779.0,-11913.0,-11913.0,-11216.0,-11216.0,-17112.0,-19242.0,-18736.0,-18736.0,-15904.0,-15904.0,-55983.0,-55983.0,-52791.0,-49034.0,-48566.0,-47840.0,-43595.0
2.03.02.07,Ágio na Transação de Capital,0.0,0.0,0.0,0.0,0.0,0.0,0.0,0.0,-51107.0,-51788.0,-51788.0,-54077.0,-59246.0,-59141.0,-59048.0,-59049.0,-61748.0,-61425.0,-61087.0,-60956.0,-60925.0,-59923.0,-59575.0,-59518.0,-58853.0,-58553.0,-58163.0,-58139.0,-60025.0,-59674.0,-58678.0,-79042.0,-79027.0,-83344.0,-82529.0,-81456.0,-101597.0,-100668.0,-102890.0,-105306.0,-111882.0,-120488.0,-126432.0,-127975.0,-137099.0,-121313.0,-125676.0,-123191.0,-107429.0,-109828.0,-103930.0,-105946.0,-98821.0,-88793.0,-94598.0,-93237.0,-98200.0,-113632.0,-116441.0,-124809.0,-137005.0
2.03.03,Reservas de Reavaliação,3919.0,3902.0,3897.0,3884.0,3871.0,3859.0,3848.0,3834.0,3784.0,3809.0,3796.0,3784.0,3748.0,3736.0,3724.0,3712.0,3700.0,3687.0,3673.0,3658.0,3684.0,3599.0,3630.0,3630.0,3630.0,3630.0,3630.0,3630.0,3630.0,3630.0,3630.0,3630.0,3630.0,3630.0,3630.0,3630.0,3630.0,3630.0,3630.0,3630.0,3630.0,3630.0,3630.0,3630.0,3630.0,3630.0,3630.0,3631.0,3631.0,3631.0,3631.0,3631.0,3631.0,3631.0,3631.0,3631.0,3631.0,3631.0,3631.0,3631.0,3631.0
2.03.04,Reservas de Lucros,533512.0,533512.0,533512.0,900676.0,799468.0,441449.0,381270.0,857721.0,684007.0,292975.0,230934.0,687792.0,559989.0,560271.0,560508.0,1169077.0,1005903.0,316237.0,191326.0,846159.0,670277.0,803844.0,661433.0,1430422.0,1299868.0,1358433.0,1299868.0,1799912.0,1890881.0,1976370.0,1890881.0,2401891.0,2463155.0,471680.0,298892.0,1133122.0,959255.0,1146143.0,959255.0,2059144.0,1707252.0,1887750.0,1707252.0,3512410.0,2782943.0,3151149.0,2782943.0,5346602.0,4485565.0,3930713.0,3485565.0,6409895.0,5460314.0,5900539.0,5460314.0,9579283.0,8329343.0,7962151.0,7329343.0,11466140.0,10196349.0
2.03.04.01,Reserva Legal,27420.0,27420.0,27420.0,53409.0,53409.0,0.0,0.0,29347.0,29347.0,0.0,0.0,32799.0,32799.0,32799.0,32799.0,74972.0,74972.0,0.0,0.0,47736.0,47736.0,47736.0,47736.0,105539.0,105539.0,105539.0,105539.0,161420.0,161420.0,161420.0,161420.0,218528.0,218528.0,0.0,0.0,66916.0,66916.0,66916.0,66916.0,147645.0,147645.0,147645.0,147645.0,264689.0,264689.0,264689.0,264689.0,443986.0,443986.0,0.0,0.0,210404.0,210404.0,210404.0,210404.0,496988.0,496988.0,0.0,0.0,302130.0,302130.0
2.03.04.02,Reserva Estatutária,506092.0,506092.0,506092.0,746059.0,746059.0,391325.0,391325.0,664715.0,664715.0,240989.0,240989.0,537245.0,537245.0,537245.0,537245.0,940453.0,940453.0,199892.0,199892.0,630929.0,630929.0,630929.0,630929.0,1194329.0,1194329.0,1194329.0,1194329.0,1535742.0,1729461.0,1729461.0,1729461.0,2050908.0,2244627.0,298892.0,298892.0,892339.0,892339.0,892339.0,892339.0,1559607.0,1559607.0,1559607.0,1559607.0,2518254.0,2518254.0,2518254.0,2518254.0,4041579.0,4041579.0,3485565.0,3485565.0,5249910.0,5249910.0,5249910.0,5249910.0,7832355.0,7832355.0,7329343.0,7329343.0,9894219.0,9894219.0
2.03.04.08,Dividendo Adicional Proposto,0.0,0.0,0.0,101208.0,0.0,60179.0,0.0,173714.0,0.0,62041.0,0.0,127803.0,0.0,0.0,0.0,163174.0,0.0,125334.0,0.0,167494.0,0.0,133904.0,0.0,130554.0,0.0,58565.0,0.0,102750.0,0.0,85489.0,0.0,132455.0,0.0,172788.0,0.0,173867.0,0.0,186888.0,0.0,351892.0,0.0,180498.0,0.0,729467.0,0.0,368206.0,0.0,861037.0,0.0,445148.0,0.0,949581.0,0.0,440225.0,0.0,1249940.0,0.0,632808.0,0.0,1269791.0,0.0
2.03.04.09,Ações em Tesouraria,0.0,0.0,0.0,0.0,0.0,-10055.0,-10055.0,-10055.0,-10055.0,-10055.0,-10055.0,-10055.0,-10055.0,-9773.0,-9536.0,-9522.0,-9522.0,-8989.0,-8566.0,0.0,-8388.0,-8725.0,-17232.0,0.0,0.0,0.0,0.0,0.0,0.0,0.0,0.0,0.0,0.0,0.0,0.0,0.0,0.0,0.0,0.0,0.0,0.0,0.0,0.0,0.0,0.0,0.0,0.0,0.0,0.0,0.0,0.0,0.0,0.0,0.0,0.0,0.0,0.0,0.0,0.0,0.0,0.0
2.03.05,Lucros/Prejuízos Acumulados,101506.0,194239.0,248545.0,0.0,92115.0,152000.0,271261.0,0.0,113612.0,155819.0,304689.0,0.0,144291.0,315789.0,410210.0,0.0,163475.0,219724.0,432210.0,0.0,196778.0,257869.0,462329.0,0.0,207793.0,313128.0,485747.0,0.0,159480.0,256001.0,485378.0,0.0,205329.0,291602.0,595844.0,0.0,216350.0,335588.0,672860.0,0.0,380236.0,554580.0,1135154.0,0.0,699167.0,1084501.0,1816951.0,0.0,795289.0,991795.0,1955300.0,0.0,1085539.0,1605583.0,2671519.0,0.0,1094220.0,1484895.0,2774207.0,0.0,1209565.0
2.03.06,Ajustes de Avaliação Patrimonial,762559.0,733586.0,714264.0,758715.0,746552.0,732871.0,717097.0,704466.0,691708.0,680031.0,668487.0,656646.0,644546.0,619650.0,606931.0,593500.0,583100.0,572896.0,561278.0,548750.0,530407.0,517560.0,491234.0,493106.0,479190.0,462999.0,453480.0,442032.0,434933.0,427776.0,416630.0,406240.0,401062.0,396677.0,391704.0,380781.0,373594.0,368933.0,365080.0,359298.0,355339.0,354264.0,350404.0,343843.0,340809.0,331256.0,327237.0,322893.0,311371.0,309283.0,307247.0,303512.0,302204.0,297770.0,294072.0,289441.0,286718.0,284046.0,277679.0,277498.0,273190.0
2.03.06.01,Custo Atribuído,762559.0,733586.0,714264.0,758715.0,746552.0,732871.0,717097.0,704466.0,691708.0,680031.0,668487.0,656646.0,644546.0,619650.0,606931.0,593500.0,583100.0,572896.0,561278.0,548750.0,530407.0,517560.0,491234.0,493106.0,479190.0,462999.0,453480.0,442032.0,434933.0,427776.0,416630.0,406240.0,401062.0,396677.0,391704.0,380781.0,373594.0,368933.0,365080.0,359298.0,355339.0,354264.0,350404.0,343843.0,340809.0,331256.0,327237.0,322893.0,311371.0,309283.0,307247.0,303512.0,302204.0,297770.0,294072.0,289441.0,286718.0,284046.0,277679.0,277498.0,273190.0
2.03.08,Outros Resultados Abrangentes,0.0,0.0,0.0,-65893.0,-64223.0,-82439.0,-27492.0,-31515.0,-29133.0,29728.0,42814.0,47006.0,21871.0,80818.0,85818.0,130767.0,77149.0,45208.0,130732.0,191402.0,426418.0,369400.0,766621.0,642362.0,430307.0,94132.0,143776.0,223495.0,50907.0,225999.0,142977.0,462344.0,315808.0,830240.0,922781.0,779326.0,826577.0,762199.0,925849.0,894526.0,1813586.0,2185978.0,2554237.0,2331007.0,2786962.0,2015686.0,2440318.0,2548168.0,1431200.0,1790928.0,1747624.0,1722093.0,1612648.0,1163886.0,1324240.0,1096602.0,1324580.0,2210799.0,1984600.0,3107626.0,2264964.0
2.03.08.01,Instrumentos Financeiros Derivativos,0.0,0.0,0.0,0.0,0.0,0.0,0.0,0.0,0.0,0.0,0.0,0.0,0.0,0.0,0.0,0.0,0.0,0.0,0.0,0.0,0.0,0.0,0.0,5774.0,-12235.0,-28119.0,-29002.0,-26948.0,-26746.0,-16029.0,-16757.0,-11355.0,-47782.0,-37450.0,-17145.0,-18657.0,-9828.0,-4570.0,-14122.0,-11180.0,13832.0,4004.0,11299.0,5180.0,4365.0,-2249.0,6194.0,9239.0,-55788.0,-32538.0,-49336.0,-33127.0,-56401.0,-87070.0,-60734.0,-55308.0,-31210.0,-12901.0,-28326.0,2171.0,-6350.0
2.03.08.02,Variação Participação Societária,0.0,0.0,0.0,0.0,0.0,0.0,0.0,0.0,0.0,0.0,0.0,0.0,0.0,0.0,0.0,0.0,0.0,0.0,0.0,0.0,0.0,0.0,0.0,0.0,0.0,0.0,0.0,0.0,0.0,0.0,0.0,0.0,0.0,0.0,0.0,0.0,0.0,0.0,0.0,-6070.0,-4288.0,-4288.0,-4288.0,-4288.0,-4288.0,-4288.0,-4288.0,-4288.0,-4288.0,-4288.0,-4288.0,-4288.0,-4288.0,-4288.0,-4288.0,-4288.0,-4288.0,-4288.0,-4288.0,-4288.0,-4288.0
2.03.08.03,Ajustes Acumulados de Conversão,0.0,0.0,0.0,-65893.0,-64223.0,-82439.0,-27492.0,-31515.0,-29133.0,29728.0,42814.0,47006.0,21871.0,80818.0,85818.0,130767.0,77149.0,45208.0,130732.0,191402.0,426418.0,369400.0,766621.0,636588.0,442542.0,122251.0,172778.0,250443.0,77653.0,242028.0,159734.0,473699.0,363590.0,867690.0,939926.0,797983.0,836405.0,766769.0,939971.0,911776.0,1804042.0,2186262.0,2547226.0,2330115.0,2786885.0,2022223.0,2438412.0,2543217.0,1491276.0,1827754.0,1801248.0,1759508.0,1673337.0,1255244.0,1389262.0,1156198.0,1360078.0,2227988.0,2017214.0,3109743.0,2275602.0
2.03.09,Participação dos Acionistas Não Controladores,28688.0,80672.0,85991.0,89229.0,93487.0,94100.0,98709.0,106477.0,80757.0,84185.0,86084.0,91277.0,80931.0,81513.0,82578.0,84495.0,77959.0,75866.0,83372.0,82878.0,95369.0,111488.0,128400.0,126680.0,123451.0,109061.0,111384.0,107958.0,108033.0,116518.0,112565.0,122381.0,130832.0,140218.0,144665.0,138983.0,145380.0,150546.0,162297.0,212743.0,241137.0,266371.0,277565.0,367133.0,400951.0,355383.0,389367.0,405701.0,369755.0,386807.0,393471.0,413560.0,432876.0,445496.0,476746.0,512691.0,559827.0,701060.0,744056.0,920996.0,947167.0
